step,train_loss,val_loss
0,1.8859843015670776,1.9391186237335205
200,1.896927833557129,1.9364492893218994
400,1.8956332206726074,1.9678561687469482
600,1.9004311561584473,1.9602017402648926
800,1.879425048828125,1.9303107261657715
