step,train_loss,val_loss
0,1.6641054153442383,1.8190890550613403
200,1.6804577112197876,1.8267253637313843
400,1.6711429357528687,1.797031283378601
600,1.6614265441894531,1.7976751327514648
800,1.6547209024429321,1.7895175218582153
